Column1;title;director
0;the moon;
1522;all;
1628;aranya;Amol Karambe
1844;adisu sew (??? ??);
2153;grolena - the voice of matix;
2438;romeo 1980;
2453;super vixens 4;Mister Hero
2683;sydney stories;Shane Borza
2685;lesbian western - the feature;Shane Borza
2718;life after war : iraq;Zain Ullah
2796;chhad gyi;Anup Malik
2936;maya;
2958;zodiac crush;Michael Anthony Vallone
2960;climb on;Shane Borza
3127;forgotten mirage;
3145;hit or stand;Riccardo Tito Pescini
3214;pasi;
3262;bequest;
3267;still they remain: the epilogue;
3273;guests is the title for now;
3282;apocalypse unknown;Tristan Winchester
3314;hitman²;
3348;the agenda of babla;
3361;callback;Matthew Puccini
3364;the vortex;Richard Zelniker
3435;the happy bubble;
3471;menace to society;Jaroe Hannibal
3485;film why;
3488;penistone film festival matt walters organ concert;
3495;flower hour;
3522;how zombies could happen;John Smith
3528;heirloom: guitar;Daniel Putkowski
3529;zoomed;Jake Estrada
3574;koolualbums: introduction movie;
3622;party of one;
3627;memories only;
3641;mi ndio yule;Msomali
3697;chitrangi;
3734;the good old days;Mason Katter
3749;the gator;
3833;queen lateefah;Adeoluwa Owu
3850;no signal;
3890;rasleela salsabila;
3909;no mistakes;Dan Levy
3946;saavdhan;Ayush Pandit
3949;the airbus of niagara;
3978;max's midnight snack;
3989;poseidon legacy;
3995;party mix vol.1;
4003;enough is enough;
4005;gamers! the movie;
4015;hell's kitchen;
4016;mj - the musical;
4032;the revenge;
4064;the deliverance of a suitcase;
4070;gu* york;
4101;petrifier 2;Damien Leone
4137;the wood's killer;
4146;antigone;
4205;islanders in the creek;
4209;adil shehzad;
4214;the hives: live at the barrowlands;
4227;tullingen: no germans were harmed;
4237;from the 20s in the 80s;
4246;2022 tezos wno: gordon ryan vs felipe pena;
4273;i hate june 12th;
4291;what if life was a fever dream?;
4340;the vendetta project;
4341;ew no.;
6245;jordan spieth wins at royal birkdale | the open official film 2017;
6255;puppy bowl xviii;
6264;the godfather, coda: the death of michael corleone;
6277;craqdi(because i am worth it);
6288;footprints;
6302;ufc 246: mcgregor vs. cowboy;Anthony Giordano
6313;summer of dog;
6316;chrysalis: the short film;
6365;egypt: the treasure of the sacred bulls;
6372;daniel;
6385;dayshift at freddy's: vegas, baby;
6396;we thrive;Lisa Hagopian
6469;ufc 270: ngannou vs. gane;Anthony Giordano
6504;jennifer lopez & maluma live: marry me tonight!;Santiago Salviche
6518;ufc 274: oliveira vs. gaethje;Anthony Giordano
6543;f.c. funkytown: dare to dream;Andy Tennant
6548;aew all out 2022;
6560;rich in rome;
6562;jpegmafia - live at fuji rock festival 2022;
6582;s.h;
6588;2025 world series game 3;
